chain1	chain2	label	usalign_tm_mean
5gae_B	6fxc_BB	positive	0.12367
6xqd_2B	8y5s_2	positive	0.14378
5fci_3	8ovj_8	positive	0.92945
6o9j_A	5lyb_7	positive	0.75429
5tbw_3	6zu5_L70	positive	0.055290000000000006
4v5s_BB	7n30_5	positive	0.18862
5we4_B	7s1h_J	positive	0.97757
9o3k_2B	8k82_C4	positive	0.374705
8fkp_L1	2wwb_D	positive	0.11504500000000001
8tpu_AC	7nwi_8	positive	0.132025
5ndv_8	8fkz_L1	positive	0.134995
8inf_8	7z3n_4	positive	0.909195
6ftg_w	6ole_D	positive	0.95153
8g5z_L8	6woo_8	positive	0.12778
6ylx_2	6woo_8	positive	0.93736
7vpx_L	6qx9_1	positive	0.99982
7vpx_L	8r08_1	positive	0.941525
7vpx_L	7b0y_a	positive	0.6374
7vpx_L	9qeq_a	positive	0.63672
6qx9_1	8r08_1	positive	0.941635
6qx9_1	7b0y_a	positive	0.63745
6qx9_1	9qeq_a	positive	0.63676
8r08_1	7b0y_a	positive	0.643235
8r08_1	9qeq_a	positive	0.642875
7b0y_a	9qeq_a	positive	0.99669
6y53_2	6y50_2	positive	0.17385
5ccb_N	4w2i_AY	positive	0.09989999999999999
5mgp_x	9g30_PT	positive	0.09639500000000001
4v8j_AW	5doy_2x	positive	0.30451
5j3c_XV	4v4r_AW	positive	0.26796
7qgr_M	4wr6_2L	positive	0.12299
8uvs_2y	7o1c_B8	positive	0.232985
4zsn_QV	6n9e_2x	positive	0.355035
5mdw_5	9gr1_Z	positive	0.6539550000000001
4w2i_AW	6ztm_AW	positive	0.255455
6ahu_A	6ah3_A	positive	0.612555
6ahu_A	6ahr_A	positive	0.98811
6ahu_A	6agb_A	positive	0.613855
6ah3_A	6ahr_A	positive	0.61363
6ah3_A	6agb_A	positive	0.99852
6ahr_A	6agb_A	positive	0.61565
3q1r_B	3q1q_B	positive	0.99974
3q1r_B	7uo0_B	positive	0.78116
3q1r_B	7uo2_B	positive	0.66926
3q1r_B	1u9s_A	positive	0.5482750000000001
3q1r_B	7uo1_B	positive	0.83458
3q1r_B	2a2e_A	positive	0.747605
3q1r_B	7uo5_B	positive	0.77871
3q1q_B	7uo0_B	positive	0.78032
3q1q_B	7uo2_B	positive	0.6690750000000001
3q1q_B	1u9s_A	positive	0.54821
3q1q_B	7uo1_B	positive	0.834705
3q1q_B	2a2e_A	positive	0.7474350000000001
3q1q_B	7uo5_B	positive	0.778605
7uo0_B	7uo2_B	positive	0.695955
7uo0_B	1u9s_A	positive	0.48363
7uo0_B	7uo1_B	positive	0.86534
7uo0_B	2a2e_A	positive	0.629385
7uo0_B	7uo5_B	positive	0.81931
7uo2_B	1u9s_A	positive	0.24445
7uo2_B	7uo1_B	positive	0.7249950000000001
7uo2_B	2a2e_A	positive	0.56255
7uo2_B	7uo5_B	positive	0.786855
1u9s_A	7uo1_B	positive	0.55147
1u9s_A	2a2e_A	positive	0.56236
1u9s_A	7uo5_B	positive	0.55957
7uo1_B	2a2e_A	positive	0.683625
7uo1_B	7uo5_B	positive	0.85271
2a2e_A	7uo5_B	positive	0.681555
1nbs_A	2a64_A	positive	0.347695
1nbs_A	3dhs_A	positive	0.26012
2a64_A	3dhs_A	positive	0.80306
2a64_A	1nbs_B	positive	0.205935
3dhs_A	1nbs_B	positive	0.2712
7mq9_L2	7mq8_L2	positive	0.6335
7mq9_L2	7mqa_L2	positive	0.5597650000000001
7mq8_L2	7mqa_L2	positive	0.56305
5zwm_I	8rm5_4	positive	0.44882
8h6k_4A	8h6l_4A	positive	0.76673
2n7m_X	8h6l_4A	positive	0.078215
6r6g_AF	7obr_1	positive	0.127575
1mfq_A	7qwq_1	positive	0.70353
3ktv_A	7obq_1	positive	0.6575
6r6g_AF	7qwq_1	positive	0.09834000000000001
7qwq_1	7nfx_1	positive	0.7796449999999999
6r6g_AF	3jan_4	positive	0.11987
2go5_A	4ue5_A	positive	0.55684
2go5_A	6frk_1	positive	0.61237
7obq_1	4ue5_A	positive	0.56357
7obq_1	3jaj_4	positive	0.607495
4ue5_A	3ktv_C	positive	0.606025
7obq_1	1mfq_A	positive	0.729005
7obq_1	7qwq_1	positive	0.87441
6frk_1	4ue5_A	positive	0.6279699999999999
2go5_A	3ktv_A	positive	0.75478
3ktv_A	6frk_1	positive	0.613685
3jaj_4	7nfx_1	positive	0.673045
7obr_1	4p3e_A	positive	0.6473450000000001
2j37_A	3jaj_4	positive	0.6476599999999999
3jan_4	7obr_1	positive	0.647265
6r6g_AF	6frk_1	positive	0.105725
2j37_A	4p3e_A	positive	0.78352
2j37_A	3ktv_C	positive	0.75376
2go5_A	7obr_1	positive	0.63417
3jan_4	6frk_1	positive	0.624655
7obq_1	7obr_1	positive	0.75869
1mfq_A	6frk_1	positive	0.613175
6frk_1	3jaj_4	positive	0.6367499999999999
3ktv_A	7nfx_1	positive	0.570665
3ktv_C	4p3e_A	positive	0.819585
3ktv_A	2j37_A	positive	0.7648600000000001
2j37_A	3jan_4	positive	0.6476599999999999
1mfq_A	3jaj_4	positive	0.64854
4ue5_A	7nfx_1	positive	0.72128
2j37_A	7nfx_1	positive	0.622595
2go5_A	3jan_4	positive	0.650095
6r6g_AF	3jaj_4	positive	0.12077
3jan_4	3jaj_4	positive	0.99718
6frk_1	7nfx_1	positive	0.65281
6frk_1	3ktv_C	positive	0.63115
2go5_A	3jaj_4	positive	0.650095
2j37_A	6frk_1	positive	0.61243
6r6g_AF	1mfq_A	positive	0.101335
3ktv_A	3jaj_4	positive	0.66054
7qwq_1	7obr_1	positive	0.8258099999999999
2j37_A	7obr_1	positive	0.627285
6r6g_AF	4p3e_A	positive	0.08809
2j37_A	4ue5_A	positive	0.560005
2go5_A	7qwq_1	positive	0.708755
1mfq_A	7nfx_1	positive	0.62341
6r6g_AF	2j37_A	positive	0.10116
4ue5_A	7qwq_1	positive	0.580245
6r6g_AF	3ktv_C	positive	0.103215
3jan_4	4ue5_A	positive	0.686065
7obr_1	7nfx_1	positive	0.95772
3ktv_A	4ue5_A	positive	0.593515
3jaj_4	3ktv_C	positive	0.677625
2go5_A	2j37_A	positive	0.8256600000000001
7obq_1	2j37_A	positive	0.7280599999999999
6qdv_5	8qp8_5	positive	0.594285
8ro2_5	7dvq_B	positive	0.86283
7dvq_B	8r0a_5	positive	0.6815
8qp8_5	9l5r_5	positive	0.524635
6qdv_5	7abg_5	positive	0.63132
8qpa_5	8r0a_5	positive	0.761565
5mq0_5	8i0p_B	positive	0.4234
6qdv_5	8ro2_5	positive	0.732375
8ro0_5	7dvq_B	positive	0.658
5lj3_U	8r0a_5	positive	0.42118999999999995
8qpa_5	5lqw_5	positive	0.485765
8vsa_TMRN	2czj_F	positive	0.013475
1p6v_B	2czj_H	positive	0.324975
7acr_4	6q9a_4	positive	0.559755
3iyq_A	7abz_4	positive	0.348245
3iyq_A	8vsa_TMRN	positive	0.008289999999999999
8vsa_TMRN	7acj_4	positive	0.009000000000000001
4v8q_BY	7ac7_4	positive	0.075365
3iyr_A	2czj_D	positive	0.29666
1p6v_B	2czj_F	positive	0.394275
8vsa_TMRN	2czj_D	positive	0.014320000000000001
2czj_F	6q95_4	positive	0.296925
3iyr_A	8vs9_TMRN	positive	0.01276
2czj_B	8vsa_TMRN	positive	0.013355
7acj_4	7ac7_4	positive	0.50864
2czj_B	4v6t_AV	positive	0.129545
2czj_B	4v8q_BY	positive	0.08354
7abz_4	2czj_D	positive	0.283285
7acj_4	4v6t_AV	positive	0.150085
3iyq_A	2czj_F	positive	0.23694
1p6v_B	2czj_D	positive	0.32054499999999997
8vsa_TMRN	3iyr_A	positive	0.01247
2czj_B	7abz_4	positive	0.299115
3iyq_A	8vs9_TMRN	positive	0.010385
7acr_4	6q95_4	positive	0.38712
4v8q_BY	7abz_4	positive	0.08099
4v8q_BY	7acj_4	positive	0.08445
8vsa_TMRN	2czj_H	positive	0.014750000000000001
3iyr_A	7ac7_4	positive	0.338835
3iyq_A	4v6t_AV	positive	0.15790500000000002
3iyr_A	2czj_F	positive	0.29440500000000003
2czj_F	7abz_4	positive	0.308305
6q95_4	8vs9_TMRN	positive	0.00868
1p6v_B	8vs9_TMRN	positive	0.024585
4v8q_BY	2czj_H	positive	0.08442
2czj_B	6q95_4	positive	0.29567
2czj_B	7acj_4	positive	0.343005
2czj_B	6q9a_4	positive	0.23708
3iyr_A	6q95_4	positive	0.260215
7acr_4	8vsa_TMRN	positive	0.008844999999999999
3iyr_A	7abz_4	positive	0.294845
4v8q_BY	2czj_D	positive	0.097345
3iyq_A	2czj_H	positive	0.199205
4v8q_BY	2czj_F	positive	0.117565
6q9a_4	2czj_H	positive	0.24744
8vsa_TMRN	4v8q_BY	positive	0.009569999999999999
6q9a_4	7abz_4	positive	0.392345
1p6v_B	7ac7_4	positive	0.239885
6q9a_4	2czj_D	positive	0.24175000000000002
7acr_4	4v8q_BY	positive	0.077275
9qb3_b	7qxs_B	positive	0.153975
7qxa_B	7qxb_B	positive	0.9523999999999999
7trd_B	7v9a_R	positive	0.154945
7qxa_B	8oue_B	positive	0.185575
7qxa_B	9qaz_B	positive	0.98835
7trc_B	7bg9_B	positive	0.146615
9qaz_B	7qxs_B	positive	0.9493100000000001
7qxa_B	7tre_B	positive	0.852755
9qb2_b	7trf_B	positive	0.25422999999999996
7v9a_R	7v99_R	positive	0.15062
7bgb_B	9qaz_B	positive	0.14827
7bgb_B	9qax_B	positive	0.14833
7qxa_B	7v9a_R	positive	0.14263
9qax_B	7qxs_B	positive	0.94921
7qxb_B	7trc_B	positive	0.16702
7v99_R	8oue_B	positive	0.15135500000000002
9qb2_b	7qxb_B	positive	0.21276
8ouf_B	7qxs_B	positive	0.165015
7bg9_B	7qxs_B	positive	0.92152
7v9a_R	7qxs_B	positive	0.14443
9qb2_b	8oue_B	positive	0.255935
7bgb_B	8ouf_B	positive	0.614155
8ouf_B	7v9a_R	positive	0.5117
7trc_B	7v99_R	positive	0.16286
7tre_B	9qaz_B	positive	0.852695
7qxb_B	7trf_B	positive	0.83885
8ouf_B	7tre_B	positive	0.175775
7tre_B	9qax_B	positive	0.8524
7bg9_B	8oue_B	positive	0.17045
7tre_B	7trf_B	positive	0.99246
7tre_B	9qb2_b	positive	0.24518
7bgb_B	9qb3_b	positive	0.59221
9qaz_B	7trc_B	positive	0.133145
7qxa_B	7trc_B	positive	0.16765
7tre_B	8oue_B	positive	0.154175
7trd_B	7qxb_B	positive	0.8384450000000001
7tre_B	7trc_B	positive	0.158275
8ouf_B	7bg9_B	positive	0.1678
7bgb_B	8oue_B	positive	0.73523
9qb3_b	7trf_B	positive	0.17549
7trd_B	9qb2_b	positive	0.25678500000000004
9qaz_B	7bg9_B	positive	0.94259
7qxa_B	9qax_B	positive	0.98818
9qb2_b	7qxs_B	positive	0.21266
7bg9_B	7trf_B	positive	0.8598300000000001
9qax_B	7trf_B	positive	0.8530500000000001
7trd_B	7v99_R	positive	0.814245
7v9a_R	7bg9_B	positive	0.12020499999999999
8ouf_B	9qb3_b	positive	0.630525
9qax_B	7v99_R	positive	0.8197399999999999
8ouf_B	7qxb_B	positive	0.165235
7qxa_B	7v99_R	positive	0.829345
7tre_B	7qxb_B	positive	0.8383700000000001
7qxb_B	7bg9_B	positive	0.9215
7trd_B	8oue_B	positive	0.157665
7bgb_B	9qb2_b	positive	0.248085
9qax_B	7qxb_B	positive	0.9493199999999999
7qxa_B	7trd_B	positive	0.85351
7tre_B	7bg9_B	positive	0.85312
9qaz_B	7v99_R	positive	0.820045
8ouf_B	7trc_B	positive	0.7323
7v9a_R	7trf_B	positive	0.154945
7v99_R	7trf_B	positive	0.8148150000000001
9qb3_b	7trc_B	positive	0.669265
7bg9_B	7v99_R	positive	0.8354699999999999
7qxa_B	9qb3_b	positive	0.17997000000000002
7bgb_B	7tre_B	positive	0.171275
7qxb_B	7v99_R	positive	0.80657
8ouf_B	7v99_R	positive	0.16965
7v9a_R	7qxb_B	positive	0.144505
7trc_B	7qxs_B	positive	0.15675
7qxa_B	9qb2_b	positive	0.2153
7uy5_B	7lmb_B	positive	0.93238
7uy5_B	6d6v_B	positive	0.76218
7uy5_B	7lma_B	positive	0.97777
7uy5_B	7uy6_B	positive	0.98934
7uy5_B	8gap_B	positive	0.903975
7lmb_B	6d6v_B	positive	0.75483
7lmb_B	7lma_B	positive	0.93694
7lmb_B	7uy6_B	positive	0.93546
7lmb_B	8gap_B	positive	0.8794150000000001
6d6v_B	7lma_B	positive	0.760875
6d6v_B	7uy6_B	positive	0.7595799999999999
6d6v_B	8gap_B	positive	0.73863
7lma_B	7uy6_B	positive	0.98517
7lma_B	8gap_B	positive	0.904065
7uy6_B	8gap_B	positive	0.90282
5zam_C	9asp_E	positive	0.367525
5zam_C	9aso_E	positive	0.31557
5zam_C	5zal_C	positive	0.41941
9asp_E	9aso_E	positive	0.61099
9asp_E	5zal_C	positive	0.487945
9aso_E	5zal_C	positive	0.469085
9cbx_N	7yc8_N	positive	0.966855
7yg8_N	7xsn_N	positive	0.9742
1x8w_B	8hd6_N	positive	0.6713800000000001
7yg8_N	7uvt_A	positive	0.866865
7yg8_N	2rkj_C	positive	0.45893500000000004
3eog_A	8k15_C	positive	0.806315
2lps_A	3bwp_A	positive	0.16458
3igi_A	3eog_A	positive	0.991735
2lps_A	1r2p_A	positive	0.26706
7c79_A	7c7a_A	positive	0.99508
7c79_A	6w6v_A	positive	0.915495
7c7a_A	6w6v_A	positive	0.9186449999999999
7jqq_O	6qyz_D	positive	0.43428500000000003
7jqq_O	1foq_D	positive	0.35562
7jqq_O	6qyz_C	positive	0.43428500000000003
7jqq_O	1foq_B	positive	0.35562
7jqq_O	6qyz_B	positive	0.43428
7jqq_O	1foq_C	positive	0.35562
6qyz_D	1foq_D	positive	0.23371
6qyz_D	7jqq_K	positive	0.448335
6qyz_D	7jqq_M	positive	0.45727
6qyz_D	1foq_B	positive	0.23372
6qyz_D	1foq_C	positive	0.233715
1foq_D	7jqq_K	positive	0.34181
1foq_D	6qyz_C	positive	0.23371
1foq_D	7jqq_M	positive	0.35189
1foq_D	6qyz_B	positive	0.233705
7jqq_K	6qyz_C	positive	0.448335
7jqq_K	1foq_B	positive	0.341815
7jqq_K	6qyz_B	positive	0.448335
7jqq_K	1foq_C	positive	0.341805
6qyz_C	7jqq_M	positive	0.45727
6qyz_C	1foq_B	positive	0.233715
6qyz_C	1foq_C	positive	0.23371
7jqq_M	1foq_B	positive	0.35187999999999997
7jqq_M	6qyz_B	positive	0.45727
7jqq_M	1foq_C	positive	0.35187999999999997
1foq_B	6qyz_B	positive	0.233715
6qyz_B	1foq_C	positive	0.233705
3f30_X	3f2w_X	positive	0.97863
3f30_X	3f2t_X	positive	0.98683
3f30_X	6wjs_X	positive	0.859505
3f30_X	3f2y_X	positive	0.98007
3f2w_X	3f2t_X	positive	0.97971
3f2w_X	6wjs_X	positive	0.85059
3f2w_X	3f2y_X	positive	0.9795
3f2t_X	6wjs_X	positive	0.86292
3f2t_X	3f2y_X	positive	0.98364
6wjs_X	3f2y_X	positive	0.8581
9c6k_X	7tda_A	positive	0.837815
2hom_A	3d2g_A	positive	0.7644150000000001
3d2g_A	2hol_A	positive	0.778225
9c6j_A	2hol_A	positive	0.17823
3d2x_B	2gdi_Y	positive	0.69836
3d2x_B	7tzr_X	positive	0.747135
2hok_A	2gdi_Y	positive	0.74897
3d2x_B	2hok_A	positive	0.7789
3d2x_B	9c6k_X	positive	0.760135
7tzr_Y	2hok_A	positive	0.75093
3d2x_B	7tda_A	positive	0.7882899999999999
2hok_A	7tda_A	positive	0.93603
7tzr_X	7tdc_A	positive	0.79816
7tda_A	2hop_A	positive	0.76739
7syu_z	7syh_z	positive	0.74882
7syr_z	7syq_z	positive	0.77051
7syr_z	5flx_z	positive	0.7719849999999999
7syl_z	6ip6_zz	positive	0.16228
7syh_z	4ujd_BC	positive	0.11986
7syx_z	7syo_z	positive	0.8625499999999999
7syi_z	4ujd_BC	positive	0.1302
7syr_z	7sys_z	positive	0.99072
7syr_z	7syw_z	positive	0.97692
7syw_z	4ujd_BC	positive	0.11851999999999999
7syk_z	7syp_z	positive	0.777895
7syr_z	6ip6_zz	positive	0.167305
5oa3_3	7syn_z	positive	0.854885
7syu_z	7syn_z	positive	0.8822000000000001
7syn_z	7syq_z	positive	0.762845
6ip6_zz	4ujd_BC	positive	0.36695
7syr_z	7syu_z	positive	0.98462
7syn_z	7syj_z	positive	0.88771
4ujd_BC	7syo_z	positive	0.12601
7syt_z	7syj_z	positive	0.841445
7syl_z	7syr_z	positive	0.8589100000000001
6ip6_zz	7syq_z	positive	0.15449000000000002
7syl_z	4ujd_BC	positive	0.124255
7syx_z	7syh_z	positive	0.75166
7sys_z	7syi_z	positive	0.826875
7syt_z	7syw_z	positive	0.97736
7sys_z	6ip6_zz	positive	0.16638999999999998
7syt_z	5flx_z	positive	0.7726649999999999
7syk_z	7syh_z	positive	0.80783
7syk_z	5oa3_3	positive	0.8553
6ip6_zz	7syp_z	positive	0.153975
7syl_z	7syp_z	positive	0.75495
7syk_z	7syq_z	positive	0.7561899999999999
7syi_z	7syq_z	positive	0.695225
7syl_z	7syw_z	positive	0.858375
7syi_z	7syj_z	positive	0.87126
7syq_z	7syo_z	positive	0.7650250000000001
7syr_z	5oa3_3	positive	0.82405
7syx_z	4ujd_BC	positive	0.11708
7syl_z	7syt_z	positive	0.8629899999999999
7syl_z	7syj_z	positive	0.88013
6ip6_zz	7syj_z	positive	0.170215
6ip6_zz	5flx_z	positive	0.15023
7syk_z	4ujd_BC	positive	0.125575
7syx_z	7syq_z	positive	0.768545
7syu_z	7syp_z	positive	0.7503299999999999
7syl_z	7syh_z	positive	0.77591
7syr_z	7syp_z	positive	0.754625
7sys_z	7syj_z	positive	0.83831
7syw_z	7syj_z	positive	0.845985
7syl_z	5oa3_3	positive	0.82894
6ip6_zz	7syn_z	positive	0.169605
5flx_z	5oa3_3	positive	0.7620899999999999
5flx_z	7syp_z	positive	0.9262900000000001
7syk_z	7syw_z	positive	0.89517
7syp_z	7syh_z	positive	0.674185
7syk_z	7syt_z	positive	0.89728
4ujd_BC	7syj_z	positive	0.12757000000000002
1drz_B	4prf_B	positive	0.78208
1drz_B	1vc0_B	positive	0.79672
1drz_B	1sj3_R	positive	0.780035
1drz_B	1sj4_R	positive	0.769185
1drz_B	1vbx_B	positive	0.77562
1drz_B	1sjf_B	positive	0.790025
1drz_B	4pr6_B	positive	0.97907
4prf_B	1vc0_B	positive	0.9664349999999999
4prf_B	1sj3_R	positive	0.9689049999999999
4prf_B	1sj4_R	positive	0.964615
4prf_B	1vbx_B	positive	0.9592750000000001
4prf_B	1sjf_B	positive	0.9405
4prf_B	4pr6_B	positive	0.786565
1vc0_B	1sj3_R	positive	0.9894
1vc0_B	1sj4_R	positive	0.98265
1vc0_B	1vbx_B	positive	0.98427
1vc0_B	1sjf_B	positive	0.9633750000000001
1vc0_B	4pr6_B	positive	0.79952
1sj3_R	1sj4_R	positive	0.99133
1sj3_R	1vbx_B	positive	0.98946
1sj3_R	1sjf_B	positive	0.961115
1sj3_R	4pr6_B	positive	0.783215
1sj4_R	1vbx_B	positive	0.99247
1sj4_R	1sjf_B	positive	0.9602949999999999
1sj4_R	4pr6_B	positive	0.771745
1vbx_B	1sjf_B	positive	0.96973
1vbx_B	4pr6_B	positive	0.779085
1sjf_B	4pr6_B	positive	0.79372
5lyv_A	5lyu_A	positive	0.874255
5lyv_A	7t1o_A	positive	0.32687
5lyv_A	5iem_A	positive	0.29913500000000004
5lyv_A	5lys_B	positive	0.93089
5lyv_A	6mci_A	positive	0.364965
5lyv_A	7t1n_A	positive	0.31181
5lyv_A	7t1p_A	positive	0.28481
5lyv_A	7slq_R	positive	0.18599
5lyu_A	7t1o_A	positive	0.32865500000000003
5lyu_A	5iem_A	positive	0.28899
5lyu_A	5lys_B	positive	0.8933949999999999
5lyu_A	6mci_A	positive	0.35112
5lyu_A	7t1n_A	positive	0.309695
5lyu_A	7t1p_A	positive	0.273235
5lyu_A	7slq_R	positive	0.182575
5lyu_A	5lyv_B	positive	0.8865099999999999
7t1o_A	5iem_A	positive	0.402825
7t1o_A	5lys_B	positive	0.32865
7t1o_A	6mci_A	positive	0.398175
7t1o_A	7t1n_A	positive	0.48118
7t1o_A	7t1p_A	positive	0.46286
7t1o_A	7slq_R	positive	0.15361
7t1o_A	5lyv_B	positive	0.32821
5iem_A	5lys_B	positive	0.2919
5iem_A	6mci_A	positive	0.24083500000000002
5iem_A	7t1n_A	positive	0.321135
5iem_A	7t1p_A	positive	0.31988
5iem_A	7slq_R	positive	0.163735
5iem_A	5lyv_B	positive	0.290115
5lys_B	6mci_A	positive	0.35667
5lys_B	7t1n_A	positive	0.29915
5lys_B	7t1p_A	positive	0.26873
5lys_B	7slq_R	positive	0.180305
5lys_B	5lyv_B	positive	0.98706
6mci_A	7t1n_A	positive	0.29008
6mci_A	7t1p_A	positive	0.26668000000000003
6mci_A	7slq_R	positive	0.18182
6mci_A	5lyv_B	positive	0.35899499999999995
7t1n_A	7t1p_A	positive	0.59105
7t1n_A	7slq_R	positive	0.1784
7t1n_A	5lyv_B	positive	0.29936
7t1p_A	7slq_R	positive	0.196325
7t1p_A	5lyv_B	positive	0.26817
7slq_R	5lyv_B	positive	0.18222
5fkg_A	3gx7_A	positive	0.95181
3iqp_A	3gx7_A	positive	0.93475
4b5r_A	5fk2_A	positive	0.8539
5fkf_A	5fk2_A	positive	0.97713
3iqp_A	2gis_A	positive	0.92598
5fkg_A	5fk3_A	positive	0.92675
3gx2_A	5fkf_A	positive	0.91006
2gis_A	5fjc_A	positive	0.85443
4aob_A	5fjc_A	positive	0.84836
5fkg_A	3iqp_A	positive	0.92069
2gis_A	5fkf_A	positive	0.89609
3iqp_A	4kqy_A	positive	0.74637
5fkh_A	5fjc_A	positive	0.838225
5fkh_A	4kqy_A	positive	0.733645
5fkh_A	3v7e_C	positive	0.7217100000000001
5fkh_A	2gis_A	positive	0.91935
2gis_A	3v7e_C	positive	0.74098
4kqy_A	3v7e_C	positive	0.65584
5fkh_A	3gx2_A	positive	0.93049
5fkh_A	5fk3_A	positive	0.96816
5fk3_A	5fkf_A	positive	0.98739
5fkf_A	3v7e_C	positive	0.711155
5fjc_A	5fk2_A	positive	0.846805
4aob_A	2gis_A	positive	0.9505
7yr6_A	2mf0_G	positive	0.212895
7yr6_A	7yr7_A	positive	0.75817
7yr6_A	2mf1_G	positive	0.23779499999999998
2mf0_G	7yr7_A	positive	0.179415
2mf0_G	2mf1_G	positive	0.40205
7yr7_A	2mf1_G	positive	0.25342
4fen_B	6uc7_B	positive	0.95915
3ivn_B	9lmc_B	positive	0.650525
9v50_A	6vwv_A	positive	0.69404
2xnz_A	2eew_A	positive	0.9663250000000001
2ees_A	2eeu_A	positive	0.9177
2ees_A	9iwf_B	positive	0.625295
3ds7_B	9v4x_A	positive	0.59111
6uc7_B	3ger_A	positive	0.96476
3ivn_B	6uc7_B	positive	0.657895
5swe_X	2eeu_A	positive	0.737935
4fej_B	4fel_B	positive	0.97272
9iwf_B	9lkc_A	positive	0.7214499999999999
2ees_A	9v4v_A	positive	0.66606
3ger_A	5uza_X	positive	0.6957450000000001
9v50_A	2xo1_A	positive	0.632105
4xnr_X	4fep_B	positive	0.748865
1y26_X	6vwv_B	positive	0.82641
6uc9_B	6vwt_A	positive	0.73971
9v50_A	3rkf_A	positive	0.67208
1y26_X	9iwf_A	positive	0.592715
2ees_A	3ds7_B	positive	0.74899
9v4x_A	3gao_A	positive	0.64421
4tzy_X	4lx5_A	positive	0.94685
9v4x_A	6vwv_B	positive	0.65895
2eew_A	5swe_X	positive	0.723
2xo0_A	5swe_X	positive	0.74081
2eew_A	6uc9_B	positive	0.97166
3ds7_B	6vwv_A	positive	0.5952200000000001
9lmc_B	3la5_A	positive	0.686275
3ivn_A	5uza_X	positive	0.75088
4tzx_X	4fel_B	positive	0.74902
3gog_A	9iwf_A	positive	0.636835
2xnz_A	9v50_A	positive	0.6249750000000001
1y26_X	5uza_X	positive	0.94416
9v4x_A	4lx5_A	positive	0.61154
2ees_A	6vwt_A	positive	0.7078500000000001
4fep_B	9v4v_A	positive	0.654285
5swe_X	3la5_A	positive	0.79283
3d0x_A	3diy_A	positive	0.883215
1z43_A	5aka_7	positive	0.41186
5gad_1	2v3c_M	positive	0.48290500000000003
2xxa_G	5gah_1	positive	0.42789
2xxa_G	2v3c_M	positive	0.397185
2v3c_N	5gah_1	positive	0.516635
4xco_M	3zn8_G	positive	0.45784
1z43_A	2xkv_B	positive	0.441035
5gag_1	2xxa_F	positive	0.46029
1z43_A	2v3c_M	positive	0.86002
5gad_1	4xco_E	positive	0.49168500000000004
2v3c_N	5aka_7	positive	0.450445
2v3c_N	2xxa_F	positive	0.40922000000000003
2xkv_B	5gag_1	positive	0.525945
5gah_1	2xxa_F	positive	0.467775
2v3c_N	5nco_1	positive	0.40514
4xco_E	2j28_8	positive	0.45942
5gad_1	4xco_M	positive	0.488695
2v3c_M	2j28_8	positive	0.467835
1z43_A	3zn8_G	positive	0.41821
5gaf_1	5gag_1	positive	0.76257
2v3c_N	5gag_1	positive	0.5175
4xco_M	5nco_1	positive	0.37433
5nco_1	5gah_1	positive	0.66301
1z43_A	2xxa_G	positive	0.38280000000000003
1z43_A	5gag_1	positive	0.39519000000000004
2j28_8	5gah_1	positive	0.57182
4xco_E	2xxa_F	positive	0.39505
5gad_1	5nco_1	positive	0.5414950000000001
5gad_1	5gag_1	positive	0.7445
2v3c_N	3zn8_G	positive	0.41481
5gad_1	5aka_7	positive	0.509905
5aka_7	5nco_1	positive	0.400195
4xco_M	5gah_1	positive	0.48029
3zn8_G	2xkv_B	positive	0.56213
4xco_M	2v3c_N	positive	0.89467
2j28_8	5nco_1	positive	0.47991
5gad_1	5gaf_1	positive	0.97479
2xxa_G	5aka_7	positive	0.66088
5gad_1	2xkv_B	positive	0.48498
4xco_M	2v3c_M	positive	0.89579
3zn8_G	5nco_1	positive	0.48524500000000004
3zn8_G	5aka_7	positive	0.6778200000000001
4xco_M	2xxa_F	positive	0.44638500000000003
3zn8_G	2v3c_M	positive	0.40042500000000003
1z43_A	4xco_E	positive	0.843975
5gaf_1	5aka_7	positive	0.52015
5gaf_1	2v3c_M	positive	0.482
1z43_A	5nco_1	positive	0.39798999999999995
4xco_E	5aka_7	positive	0.43266499999999997
2v3c_M	5gag_1	positive	0.5086299999999999
5gaf_1	2j28_8	positive	0.597605
2v3c_M	5aka_7	positive	0.444025
5gaf_1	2xxa_F	positive	0.48956999999999995
2j28_8	5aka_7	positive	0.54921
2v3c_N	2xxa_G	positive	0.392965
5aka_7	2xxa_F	positive	0.64716
4xco_M	2xxa_G	positive	0.431365
5gad_1	2j28_8	positive	0.584735
1z43_A	5gaf_1	positive	0.42909
2v3c_M	5gah_1	positive	0.505285
3zn8_G	5gag_1	positive	0.4299
5gag_1	5aka_7	positive	0.46340499999999996
4xco_M	5gag_1	positive	0.48307
5gad_1	5gah_1	positive	0.74711
2v3c_N	2j28_8	positive	0.468225
5gad_1	2v3c_N	positive	0.49536
2v3c_N	4xco_E	positive	0.90618
2xxa_G	5nco_1	positive	0.489995
1z43_A	2j28_8	positive	0.44791499999999995
1z43_A	4xco_M	positive	0.828705
5gad_1	3zn8_G	positive	0.44511500000000004
4xco_E	2xkv_B	positive	0.43868
4xco_M	5gaf_1	positive	0.49882000000000004
3zn8_G	2j28_8	positive	0.49963
2v3c_M	4xco_E	positive	0.9151
2j28_8	2xkv_B	positive	0.57301
8sa5_B	6vmy_A	positive	0.54741
8sa5_B	4gxy_A	positive	0.484445
8sa5_B	8fw4_Z	positive	0.542385
8sa5_B	8sa4_A	positive	0.61373
8sa5_B	8sa6_A	positive	0.411835
8sa5_B	8sa3_A	positive	0.722855
8sa5_B	4gma_Z	positive	0.549845
8sa5_B	8sa4_B	positive	0.34786
8sa5_B	8sa3_B	positive	0.704515
8sa5_B	8sa6_B	positive	0.41534000000000004
6vmy_A	4gxy_A	positive	0.560095
6vmy_A	8fw4_Z	positive	0.524255
6vmy_A	8sa4_A	positive	0.580625
6vmy_A	8sa6_A	positive	0.466655
6vmy_A	8sa3_A	positive	0.602015
6vmy_A	4gma_Z	positive	0.529425
6vmy_A	8sa4_B	positive	0.237105
6vmy_A	8sa3_B	positive	0.584345
6vmy_A	8sa6_B	positive	0.48238499999999995
4gxy_A	8fw4_Z	positive	0.64601
4gxy_A	8sa4_A	positive	0.714065
4gxy_A	8sa6_A	positive	0.364275
4gxy_A	8sa3_A	positive	0.684785
4gxy_A	4gma_Z	positive	0.67543
4gxy_A	8sa4_B	positive	0.220545
4gxy_A	8sa3_B	positive	0.678245
4gxy_A	8sa6_B	positive	0.377975
8fw4_Z	8sa4_A	positive	0.7489399999999999
8fw4_Z	8sa6_A	positive	0.40159500000000004
8fw4_Z	8sa3_A	positive	0.7169000000000001
8fw4_Z	4gma_Z	positive	0.93266
8fw4_Z	8sa4_B	positive	0.20289000000000001
8fw4_Z	8sa3_B	positive	0.71086
8fw4_Z	8sa6_B	positive	0.222875
8sa4_A	8sa6_A	positive	0.416425
8sa4_A	8sa3_A	positive	0.8788849999999999
8sa4_A	4gma_Z	positive	0.776995
8sa4_A	8sa3_B	positive	0.8745350000000001
8sa4_A	8sa6_B	positive	0.46826500000000004
8sa6_A	8sa3_A	positive	0.42556
8sa6_A	4gma_Z	positive	0.398115
8sa6_A	8sa4_B	positive	0.315025
8sa6_A	8sa3_B	positive	0.42854
8sa3_A	4gma_Z	positive	0.7477199999999999
8sa3_A	8sa4_B	positive	0.294075
8sa3_A	8sa6_B	positive	0.44434
4gma_Z	8sa4_B	positive	0.21843
4gma_Z	8sa3_B	positive	0.742635
4gma_Z	8sa6_B	positive	0.38996
8sa4_B	8sa3_B	positive	0.297165
8sa4_B	8sa6_B	positive	0.339885
8sa3_B	8sa6_B	positive	0.46060500000000004
2d1b_B	2n1q_A	positive	0.2138
2d1b_B	1n8x_A	positive	0.28005
2n1q_A	1n8x_A	positive	0.26204500000000003
2n1q_A	2d1b_A	positive	0.218775
1n8x_A	2d1b_A	positive	0.25051500000000004
2kuu_A	2kuw_A	positive	0.50887
4meh_B	3g8s_P	positive	0.635275
3b4b_B	3g8s_R	positive	0.65092
2gcs_B	2nz4_R	positive	0.664865
3b4b_B	2h0s_B	positive	0.974925
9de7_A	9de6_B	positive	0.569325
9de7_A	9de5_E	positive	0.61551
9de7_A	9de5_C	positive	0.593995
9de7_A	9de5_B	positive	0.5366850000000001
9de7_A	9de6_A	positive	0.57972
9de7_A	6vvj_A	positive	0.30282
9de7_A	9de5_D	positive	0.606985
9de6_B	9de5_E	positive	0.80275
9de6_B	9de5_C	positive	0.8688899999999999
9de6_B	9de5_B	positive	0.5761149999999999
9de6_B	6vvj_A	positive	0.336285
9de6_B	9de5_D	positive	0.7600100000000001
9de5_E	9de6_A	positive	0.66845
9de5_E	6vvj_A	positive	0.32953
9de5_C	9de6_A	positive	0.748615
9de5_C	6vvj_A	positive	0.329585
9de5_B	9de6_A	positive	0.75959
9de5_B	6vvj_A	positive	0.33399
9de6_A	6vvj_A	positive	0.344865
9de6_A	9de5_D	positive	0.870685
6vvj_A	9de5_D	positive	0.34746
6k0a_X	6k0b_Y	positive	0.99664
6k0a_X	6k0b_X	positive	0.99664
6k0a_Y	6k0b_Y	positive	0.99664
6k0a_Y	6k0b_X	positive	0.99664
6n5k_A	4qk8_A	positive	0.968075
4qln_A	4qk9_A	positive	0.7676149999999999
4qln_A	6n5p_A	positive	0.715975
6n5n_A	4qk8_A	positive	0.962755
4qk8_A	4w90_C	positive	0.72211
4qln_A	4w90_C	positive	0.687435
6n5p_A	4qk9_A	positive	0.782385
6n5k_A	6n5s_A	positive	0.980855
6n5s_A	4qk8_A	positive	0.9737450000000001
6n5k_A	4qk9_A	positive	0.781065
4qka_A	4qk8_A	positive	0.98422
6n5q_A	4qk9_A	positive	0.78469
6n5n_A	4qk9_A	positive	0.77938
4qka_A	6n5n_A	positive	0.95321
6n5s_A	4qk9_A	positive	0.77475
4qln_A	6n5k_A	positive	0.72427
6n5s_A	6n5n_A	positive	0.9808049999999999
4w90_C	4qk9_A	positive	0.749355
6n5q_A	4qka_A	positive	0.94261
6n5q_A	6n5k_A	positive	0.9697899999999999
6n5p_A	6n5s_A	positive	0.961945
6n5s_A	4w90_C	positive	0.71729
6n5q_A	6n5p_A	positive	0.96031
4qk8_A	4qk9_A	positive	0.76759
6n5q_A	6n5n_A	positive	0.96933
4qln_A	6n5n_A	positive	0.724335
6n5n_A	4w90_C	positive	0.71219
6n5s_A	4qka_A	positive	0.96428
4qln_A	4qka_A	positive	0.713685
6n5p_A	4w90_C	positive	0.70912
4qln_A	6n5s_A	positive	0.71963
6n5p_A	6n5k_A	positive	0.97473
6n5p_A	4qka_A	positive	0.944685
6n5p_A	6n5n_A	positive	0.969645
6n5q_A	4w90_C	positive	0.716655
4qln_A	4qk8_A	positive	0.725995
6n5k_A	4qka_A	positive	0.9566
4qka_A	4w90_C	positive	0.72402
8sp9_C	8vma_C	positive	0.505655
8sp9_C	8vm9_C	positive	0.49088
8sp9_C	8vmb_R	positive	0.514725
8vma_C	8vm9_C	positive	0.662915
8vma_C	8vmb_R	positive	0.7674000000000001
8vm9_C	8vmb_R	positive	0.65251
5t83_A	6dlt_A	positive	0.71918
5t83_A	6ck5_A	positive	0.740645
5t83_A	6ck5_B	positive	0.70912
5t83_A	5u3g_B	positive	0.71154
6dlt_A	6ck5_A	positive	0.787015
6dlt_A	6ck5_B	positive	0.789155
6dlt_A	5u3g_B	positive	0.62085
6ck5_A	5u3g_B	positive	0.6549849999999999
6ck5_B	5u3g_B	positive	0.60852
5it7_4	2il9_A	positive	0.267895
2il9_M	7jqc_i	positive	0.305995
7zjx_I	7zjw_I	positive	0.438225
7jqc_i	4xej_AIRE	positive	0.019119999999999998
5it7_4	7zjx_I	positive	0.6627099999999999
6d90_4	7zjw_I	positive	0.22623
5it7_4	4xej_BIRE	positive	0.028905
2il9_A	6d9j_4	positive	0.26317
7zjx_I	7jqc_i	positive	0.6659550000000001
4xej_AIRE	7zjw_I	positive	0.023265
7zjw_I	4xej_BIRE	positive	0.018355
6d9j_4	7jqc_i	positive	0.30457999999999996
7jqc_i	7zjw_I	positive	0.443225
2il9_A	7zjw_I	positive	0.22766999999999998
7jqc_i	4xej_BIRE	positive	0.022385
6d90_4	2il9_A	positive	0.25144500000000003
6d90_4	2il9_M	positive	0.25457
2il9_M	5it7_4	positive	0.271515
6d90_4	5it7_4	positive	0.30258
5it7_4	7jqc_i	positive	0.60668
7zjx_I	6d9j_4	positive	0.30559499999999995
7zjx_I	4xej_AIRE	positive	0.021655
7zjx_I	4xej_BIRE	positive	0.03711
2il9_M	4xej_BIRE	positive	0.011795
2il9_M	7zjx_I	positive	0.31233
2il9_M	6d9j_4	positive	0.26155
5it7_4	4xej_AIRE	positive	0.018255
5it7_4	6d9j_4	positive	0.3079
2il9_M	4xej_AIRE	positive	0.00654
6vwl_4	2l94_A	positive	0.460285
6vwl_4	1z2j_A	positive	0.372075
6vwl_4	6vwn_4	positive	0.80905
6vwl_4	6vwm_4	positive	0.83657
2l94_A	1z2j_A	positive	0.39059
2l94_A	6vwn_4	positive	0.45631
2l94_A	6vwm_4	positive	0.453585
1z2j_A	6vwn_4	positive	0.37085500000000005
1z2j_A	6vwm_4	positive	0.37092499999999995
6vwn_4	6vwm_4	positive	0.80541
6g90_1	5zwn_P	positive	0.764
6g90_1	6n7x_R	positive	0.88344
6g90_1	8w2o_R	positive	0.880905
5zwn_P	6n7x_R	positive	0.81515
5zwn_P	8w2o_R	positive	0.821585
6n7x_R	8w2o_R	positive	0.962925
3p49_A	3ox0_B	positive	0.57234
6wlt_A	3oxe_A	positive	0.6391549999999999
3oxb_A	3p49_A	positive	0.55845
3p49_A	3oww_B	positive	0.573595
6wlu_A	3ox0_B	positive	0.55667
6wlt_A	3ox0_B	positive	0.56021
3owz_B	3owi_B	positive	0.862625
3owi_B	3oww_B	positive	0.9828600000000001
3oxb_A	3oxe_A	positive	0.9836
3owi_B	3oxe_A	positive	0.77171
3p49_A	6wlt_A	positive	0.657705
3owz_B	3oww_B	positive	0.8618349999999999
3owz_B	3ox0_B	positive	0.866195
3oxb_A	3oww_B	positive	0.75003
3oxb_A	3owi_B	positive	0.75074
9gcm_A	8r7n_A	positive	0.7774000000000001
9gcm_A	8y6o_P	positive	0.668445
9gcm_A	9gbw_R	positive	0.749085
9gcm_A	9gbz_R	positive	0.881135
8r7n_A	8y6o_P	positive	0.76909
8r7n_A	9gbw_R	positive	0.730395
8r7n_A	9gbz_R	positive	0.74275
8y6o_P	9gbw_R	positive	0.75332
8y6o_P	9gbz_R	positive	0.729545
9gbw_R	9gbz_R	positive	0.827425
5flx_z	4ujd_BC	positive	0.11616
6uet_A	6wlq_A	positive	0.82293
6uet_A	6wlr_A	positive	0.85967
6uet_A	6ues_A	positive	0.87037
6wlq_A	6wlr_A	positive	0.81665
6wlq_A	6ues_A	positive	0.82762
6wlr_A	6ues_A	positive	0.82233
3muv_R	4yb0_A	positive	0.647035
3muv_R	4yaz_A	positive	0.596545
3muv_R	4yaz_R	positive	0.61197
3muv_R	3mut_R	positive	0.916785
3muv_R	4yb0_R	positive	0.67615
4yb0_A	4yaz_A	positive	0.76851
4yb0_A	4yaz_R	positive	0.78442
4yb0_A	3mut_R	positive	0.673685
4yaz_A	3mut_R	positive	0.6110599999999999
4yaz_A	4yb0_R	positive	0.72562
4yaz_R	3mut_R	positive	0.627395
4yaz_R	4yb0_R	positive	0.77526
3mut_R	4yb0_R	positive	0.702915
7sc6_C	7scq_C	positive	0.78282
7sc6_C	8zmj_C	positive	0.69058
7sc6_C	8zmk_C	positive	0.69708
7sc6_C	7sam_A	positive	0.69414
7sc6_C	8zmi_C	positive	0.71033
7sc6_C	8zmh_A	positive	0.66276
7scq_C	8zmj_C	positive	0.68858
7scq_C	8zmk_C	positive	0.85737
7scq_C	7sam_A	positive	0.64029
7scq_C	8zmi_C	positive	0.70113
7scq_C	8zmh_A	positive	0.63615
8zmj_C	8zmk_C	positive	0.64329
8zmj_C	7sam_A	positive	0.65789
8zmj_C	8zmi_C	positive	0.89868
8zmj_C	8zmh_A	positive	0.63191
8zmk_C	7sam_A	positive	0.59964
8zmk_C	8zmi_C	positive	0.65585
8zmk_C	8zmh_A	positive	0.62157
7sam_A	8zmi_C	positive	0.66262
7sam_A	8zmh_A	positive	0.82688
8zmi_C	8zmh_A	positive	0.64155
6je9_B	8ja0_B	positive	0.78977
6je9_B	6kc8_B	positive	0.797715
8ja0_B	6kc8_B	positive	0.672775
3slq_A	3skz_A	positive	0.94309
3skr_B	3slm_A	positive	0.85805
3skt_B	3ski_B	positive	0.821275
3skw_B	3skz_B	positive	0.79935
3slm_A	3skz_A	positive	0.84902
3slm_A	3slq_A	positive	0.88956
3slm_A	3ski_B	positive	0.893305
3skr_B	3skl_A	positive	0.96571
3skz_B	3slm_B	positive	0.69561
3skt_B	3slm_B	positive	0.586505
3skz_A	3skt_A	positive	0.881695
3skl_A	3slm_B	positive	0.709015
3skt_B	3skz_B	positive	0.82829
3skr_A	3skz_B	positive	0.82921
3ski_B	3skw_B	positive	0.8163149999999999
3skt_B	3skl_A	positive	0.85039
3skt_A	3ski_A	positive	0.88871
3skw_A	3skz_A	positive	0.864455
3slm_A	3skl_B	positive	0.88593
3slm_A	3skl_A	positive	0.877625
3skl_A	3skw_A	positive	0.91975
3skr_A	3ski_A	positive	0.83864
3skw_A	3skt_A	positive	0.93107
3skr_B	3ski_A	positive	0.84934
3slq_A	3skt_A	positive	0.880895
3skw_A	3skz_B	positive	0.885
3skz_A	3slm_B	positive	0.73957
3ski_B	3skz_B	positive	0.95611
3skw_B	3slm_B	positive	0.58283
3skz_B	3ski_A	positive	0.88844
3skt_B	3skr_B	positive	0.82595
3skr_B	3skw_B	positive	0.81668
3skw_B	3ski_A	positive	0.7935650000000001
3skl_B	3skw_B	positive	0.84052
3slq_A	3skw_B	positive	0.80694
3slq_A	3skw_A	positive	0.85993
3skw_A	3slm_B	positive	0.691725
3skw_B	3skz_A	positive	0.78765
3skl_B	3ski_A	positive	0.8391649999999999
3skt_B	3ski_A	positive	0.79384
3skl_B	3skz_A	positive	0.829915
3skl_B	3skw_A	positive	0.85458
3slm_A	3skw_B	positive	0.8258099999999999
3skt_B	3skr_A	positive	0.9069
3skl_B	3skz_B	positive	0.856595
3slm_A	3skw_A	positive	0.869885
3skr_B	3skt_A	positive	0.92813
3skl_A	3skw_B	positive	0.83305
3skr_A	3skz_A	positive	0.8351500000000001
3skr_B	3slq_A	positive	0.8375699999999999
3slq_A	3slm_B	positive	0.67013
3skl_B	3skr_A	positive	0.95977
3skl_B	3ski_B	positive	0.866055
3skr_B	3skz_B	positive	0.8478600000000001
3slm_A	3skz_B	positive	0.88014
3skl_A	3skt_A	positive	0.95352
3skl_A	3skz_B	positive	0.8742
3skw_B	3skt_A	positive	0.84563
3skt_B	3skl_B	positive	0.94459
3skt_A	3slm_B	positive	0.692955
3ski_B	3skw_A	positive	0.9035150000000001
3ski_A	3slm_B	positive	0.74763
3skl_A	3skz_A	positive	0.8708499999999999
3skt_B	3slq_A	positive	0.825435
3ski_B	3skt_A	positive	0.93394
3skz_A	3ski_A	positive	0.97545
3skl_A	3slq_A	positive	0.86198
3ski_B	3skr_A	positive	0.8427800000000001
3skt_B	3skz_A	positive	0.7897099999999999
3ski_B	3skl_A	positive	0.8987
3skr_B	3skz_A	positive	0.84229
3skr_A	3slq_A	positive	0.85535
3slm_A	3ski_A	positive	0.84535
3slm_A	3skt_A	positive	0.89081
3skr_B	3skw_A	positive	0.8968
3skr_A	3skw_A	positive	0.84458
3skr_A	3skw_B	positive	0.82737
3skl_A	3ski_A	positive	0.8736550000000001
3skz_B	3skt_A	positive	0.916865
3ski_B	3slm_B	positive	0.7132449999999999
3skl_A	3skr_A	positive	0.90285
3skl_B	3slq_A	positive	0.860905
3skl_B	3slm_B	positive	0.62444
3skt_B	3skw_B	positive	0.83204
3slq_A	3skz_B	positive	0.89762
3ski_B	3skz_A	positive	0.9130499999999999
3skw_A	3ski_A	positive	0.8658
8k2z_A	8v1i_B	positive	0.567975
8k2z_A	8k30_A	positive	0.6408149999999999
8k2z_A	8k0y_B	positive	0.58353
8k2z_A	8k1e_B	positive	0.595155
8k2z_A	8vt5_A	positive	0.565625
8k2z_A	8k30_B	positive	0.628655
8k2z_A	8k1e_A	positive	0.55881
8k2z_A	8v1h_A	positive	0.6376
8k2z_A	8v1i_A	positive	0.5971
8k2z_A	8k0y_A	positive	0.49919
8v1i_B	8k30_A	positive	0.682545
8v1i_B	8k0y_B	positive	0.7083299999999999
8v1i_B	8k1e_B	positive	0.72037
8v1i_B	8vt5_A	positive	0.5980300000000001
8v1i_B	8k30_B	positive	0.68672
8v1i_B	8k1e_A	positive	0.6355
8v1i_B	8v1h_A	positive	0.57828
8v1i_B	8k2z_B	positive	0.5554049999999999
8v1i_B	8k0y_A	positive	0.606595
8k30_A	8k0y_B	positive	0.829885
8k30_A	8k1e_B	positive	0.6903900000000001
8k30_A	8vt5_A	positive	0.63919
8k30_A	8k1e_A	positive	0.63165
8k30_A	8v1h_A	positive	0.662485
8k30_A	8v1i_A	positive	0.68828
8k30_A	8k2z_B	positive	0.62188
8k30_A	8k0y_A	positive	0.83409
8k0y_B	8k1e_B	positive	0.735125
8k0y_B	8vt5_A	positive	0.641645
8k0y_B	8k30_B	positive	0.9051849999999999
8k0y_B	8k1e_A	positive	0.6588499999999999
8k0y_B	8v1h_A	positive	0.619575
8k0y_B	8v1i_A	positive	0.722105
8k0y_B	8k2z_B	positive	0.6335949999999999
8k1e_B	8vt5_A	positive	0.699735
8k1e_B	8k30_B	positive	0.7115149999999999
8k1e_B	8v1h_A	positive	0.587175
8k1e_B	8v1i_A	positive	0.70057
8k1e_B	8k2z_B	positive	0.57655
8k1e_B	8k0y_A	positive	0.62902
8vt5_A	8k30_B	positive	0.6706099999999999
8vt5_A	8k1e_A	positive	0.7496
8vt5_A	8v1h_A	positive	0.49742
8vt5_A	8v1i_A	positive	0.5989150000000001
8vt5_A	8k2z_B	positive	0.54623
8vt5_A	8k0y_A	positive	0.58253
8k30_B	8k1e_A	positive	0.663395
8k30_B	8v1h_A	positive	0.63487
8k30_B	8v1i_A	positive	0.7059500000000001
8k30_B	8k2z_B	positive	0.679335
8k30_B	8k0y_A	positive	0.739815
8k1e_A	8v1h_A	positive	0.499535
8k1e_A	8v1i_A	positive	0.609955
8k1e_A	8k2z_B	positive	0.54235
8k1e_A	8k0y_A	positive	0.568425
8v1h_A	8v1i_A	positive	0.63581
8v1h_A	8k2z_B	positive	0.6762699999999999
8v1h_A	8k0y_A	positive	0.552945
8v1i_A	8k2z_B	positive	0.60989
8v1i_A	8k0y_A	positive	0.5971
8k2z_B	8k0y_A	positive	0.50158
9e5r_B	9e5m_A	positive	0.97397
9e5r_B	9e5i_A	positive	0.97527
9e5i_B	9e5k_D	positive	0.99328
9e5t_B	9e5k_D	positive	0.98145
9e5i_B	9e5m_A	positive	0.97418
9e5s_B	9e5k_C	positive	0.96487
9e5k_C	9e5o_B	positive	0.97845
9e5s_B	4frg_X	positive	0.73568
9e5k_A	9e5t_B	positive	0.96228
9e5l_B	9e5k_D	positive	0.9851
9e5l_B	9e5t_B	positive	0.9862
9e5r_B	9e5p_B	positive	0.98917
9e5j_A	9e5p_B	positive	0.96071
9e5i_B	9e5k_A	positive	0.97674
9e5j_A	9e5m_A	positive	0.9624
9e5m_A	4frg_B	positive	0.7354400000000001
9e5j_A	9e5s_B	positive	0.92777
9elr_A	9e5k_A	positive	0.995
9e5l_B	9e5j_A	positive	0.97776
9e5i_B	9e5s_B	positive	0.96024
9e5j_A	9e5k_A	positive	0.96908
9e5s_B	9e5k_A	positive	0.93127
9e5i_B	9e5j_A	positive	0.97478
9e5i_A	9e5o_B	positive	0.97847
9e5k_B	9e5t_B	positive	0.96319
9e5j_A	9e5t_B	positive	0.97504
9e5j_A	9e5i_A	positive	0.97454
9e5k_D	9e5p_B	positive	0.989
9e5k_C	9e5m_A	positive	0.9726
3vrs_A	4enc_A	positive	0.93684
3vrs_A	4enb_A	positive	0.9413
3vrs_A	5kh8_A	positive	0.575625
3vrs_A	4ena_A	positive	0.931635
3vrs_A	4en5_A	positive	0.95004
4enc_A	4enb_A	positive	0.968825
4enc_A	5kh8_A	positive	0.545965
4enc_A	4ena_A	positive	0.9051899999999999
4enc_A	4en5_A	positive	0.91565
4enb_A	5kh8_A	positive	0.5465150000000001
4enb_A	4ena_A	positive	0.93267
4enb_A	4en5_A	positive	0.92841
5kh8_A	4ena_A	positive	0.582715
5kh8_A	4en5_A	positive	0.5853349999999999
4ena_A	4en5_A	positive	0.950645
5ddp_B	5ddq_B	positive	0.95465
9bzc_A	6od9_A	positive	0.6622950000000001
4znp_A	6od9_B	positive	0.720375
9bzc_A	5btp_B	positive	0.6720349999999999
6wzr_B	4znp_A	positive	0.6990149999999999
4znp_B	4xwf_A	positive	0.443265
6wzs_A	6od9_A	positive	0.90163
5btp_B	4znp_A	positive	0.7281850000000001
9bzc_A	4xwf_A	positive	0.446445
9bzc_A	4znp_A	positive	0.60763
5btp_A	4xwf_A	positive	0.50556
6wzs_A	6od9_B	positive	0.87595
4znp_B	6wzr_B	positive	0.685825
6wzs_A	4znp_B	positive	0.69895
5btp_B	6od9_A	positive	0.90603
4xwf_A	6od9_A	positive	0.50432
4znp_B	6od9_B	positive	0.7030350000000001
6wzs_B	6od9_A	positive	0.886445
4znp_B	6od9_A	positive	0.6952849999999999
9bzc_A	6wzs_A	positive	0.682935
6wzs_B	6od9_B	positive	0.8859
6wzr_B	6od9_A	positive	0.8518399999999999
5btp_B	6wzs_A	positive	0.89087
4xwf_A	6od9_B	positive	0.45314
9bzc_A	4znp_B	positive	0.5916600000000001
6wzs_A	6wzr_B	positive	0.90771
5btp_A	4znp_A	positive	0.7282299999999999
5btp_B	6od9_B	positive	0.92785
6od9_A	4znp_A	positive	0.71918
6wzs_B	4xwf_A	positive	0.44809
6wzr_B	6od9_B	positive	0.84274
5btp_A	6wzr_B	positive	0.8890899999999999
6wzs_B	6wzr_B	positive	0.89813
9bzc_A	6wzs_B	positive	0.6532849999999999
6wzr_B	4xwf_A	positive	0.43462
5btp_A	6wzs_B	positive	0.919195
6wzs_B	4znp_B	positive	0.6878500000000001
5btp_B	4znp_B	positive	0.69313
9bzc_A	6wzr_B	positive	0.637285
5ny8_B	5nwq_B	positive	0.96129
5ny8_B	5o62_A	positive	0.817375
5ny8_B	5nzd_A	positive	0.813995
5ny8_B	5nwq_A	positive	0.81806
5ny8_B	5nz3_A	positive	0.8547199999999999
5ny8_B	5nzd_B	positive	0.8249299999999999
5ny8_B	5o62_B	positive	0.7682199999999999
5ny8_B	5o69_B	positive	0.831235
5ny8_B	5nz3_B	positive	0.9328000000000001
5ny8_B	5nz6_A	positive	0.8007949999999999
5nwq_B	5o62_A	positive	0.79373
5nwq_B	5nzd_A	positive	0.8104750000000001
5nwq_B	5nz3_A	positive	0.82662
5nwq_B	5nzd_B	positive	0.83583
5nwq_B	5o62_B	positive	0.772565
5nwq_B	5o69_B	positive	0.848365
5nwq_B	5ny8_A	positive	0.79731
5nwq_B	5nz3_B	positive	0.932185
5nwq_B	5nz6_A	positive	0.813365
5o62_A	5nzd_A	positive	0.81108
5o62_A	5nwq_A	positive	0.93988
5o62_A	5nz3_A	positive	0.96064
5o62_A	5nzd_B	positive	0.7955
5o62_A	5o69_B	positive	0.671945
5o62_A	5ny8_A	positive	0.94389
5o62_A	5nz3_B	positive	0.82825
5o62_A	5nz6_A	positive	0.76761
5nzd_A	5nwq_A	positive	0.82956
5nzd_A	5nz3_A	positive	0.82597
5nzd_A	5o62_B	positive	0.66116
5nzd_A	5o69_B	positive	0.721375
5nzd_A	5ny8_A	positive	0.8195049999999999
5nzd_A	5nz3_B	positive	0.80548
5nzd_A	5nz6_A	positive	0.82893
5nwq_A	5nz3_A	positive	0.959085
5nwq_A	5nzd_B	positive	0.8107
5nwq_A	5o62_B	positive	0.6356299999999999
5nwq_A	5o69_B	positive	0.6724749999999999
5nwq_A	5ny8_A	positive	0.99116
5nwq_A	5nz3_B	positive	0.81909
5nwq_A	5nz6_A	positive	0.801215
5nz3_A	5nzd_B	positive	0.82553
5nz3_A	5o62_B	positive	0.67384
5nz3_A	5o69_B	positive	0.714145
5nz3_A	5ny8_A	positive	0.9692350000000001
5nz3_A	5nz6_A	positive	0.80702
5nzd_B	5o62_B	positive	0.68282
5nzd_B	5o69_B	positive	0.759035
5nzd_B	5ny8_A	positive	0.8053
5nzd_B	5nz3_B	positive	0.83
5nzd_B	5nz6_A	positive	0.84112
5o62_B	5o69_B	positive	0.77982
5o62_B	5ny8_A	positive	0.637175
5o62_B	5nz3_B	positive	0.78651
5o62_B	5nz6_A	positive	0.6604650000000001
5o69_B	5ny8_A	positive	0.6750499999999999
5o69_B	5nz3_B	positive	0.85365
5o69_B	5nz6_A	positive	0.705085
5ny8_A	5nz3_B	positive	0.824935
5ny8_A	5nz6_A	positive	0.792225
5nz3_B	5nz6_A	positive	0.7985
8uta_N	9ebv_A	positive	0.49421499999999996
8uta_N	9ebv_M	positive	0.506655
8uta_N	9ec4_M	positive	0.538215
9ebv_A	9ec4_M	positive	0.80648
9ebv_M	9ec4_M	positive	0.97099
4lvv_A	3suh_X	positive	0.589535
4lvv_A	4lvx_A	positive	0.95786
4lvv_A	4lvy_A	positive	0.97643
4lvv_A	3suy_X	positive	0.57441
4lvv_A	3sd3_A	positive	0.95783
4lvv_A	4lvz_A	positive	0.95292
4lvv_A	3sux_X	positive	0.58136
4lvv_A	4lvw_A	positive	0.96685
3suh_X	4lvx_A	positive	0.58651
3suh_X	4lvy_A	positive	0.57342
3suh_X	3suy_X	positive	0.9651
3suh_X	3sd3_A	positive	0.5840650000000001
3suh_X	4lvz_A	positive	0.5721849999999999
3suh_X	3sux_X	positive	0.98615
3suh_X	4lvw_A	positive	0.5854699999999999
4lvx_A	4lvy_A	positive	0.9787
4lvx_A	3suy_X	positive	0.57114
4lvx_A	3sd3_A	positive	0.9814
4lvx_A	4lvz_A	positive	0.99109
4lvx_A	3sux_X	positive	0.57867
4lvx_A	4lvw_A	positive	0.9924
4lvy_A	3suy_X	positive	0.55848
4lvy_A	3sd3_A	positive	0.98127
4lvy_A	4lvz_A	positive	0.98337
4lvy_A	3sux_X	positive	0.5662499999999999
4lvy_A	4lvw_A	positive	0.98737
3suy_X	3sd3_A	positive	0.5725
3suy_X	4lvz_A	positive	0.56053
3suy_X	3sux_X	positive	0.97978
3suy_X	4lvw_A	positive	0.571365
3sd3_A	4lvz_A	positive	0.98317
3sd3_A	3sux_X	positive	0.576865
3sd3_A	4lvw_A	positive	0.98126
4lvz_A	3sux_X	positive	0.566045
4lvz_A	4lvw_A	positive	0.99234
3sux_X	4lvw_A	positive	0.57933
6rxz_C2	9n72_L2	positive	0.3427
6zqd_D4	9n72_L2	positive	0.33579000000000003
6rxt_C2	9n70_L2	positive	0.34596
9n76_L2	9n74_L2	positive	0.623095
6rxx_C2	9n70_L2	positive	0.352785
6rxt_C2	6zqc_D4	positive	0.53186
5oql_2	9n70_L2	positive	0.11985000000000001
6zqd_D4	6rxx_C2	positive	0.50029
7zjw_F	5lzc_y	positive	0.50526
3w1k_I	3rg5_B	positive	0.614405
3w1k_H	7ur5_v	positive	0.531335
7zjw_F	3add_D	positive	0.537465
3rg5_B	7ur5_v	positive	0.5091049999999999
7ur5_w	5lzf_y	positive	0.5509850000000001
7zjw_F	5lzf_y	positive	0.505775
3rg5_A	3w1k_I	positive	0.64355
7urm_v	7ur5_v	positive	0.90882
3adb_C	7ur5_v	positive	0.54413
3w1k_F	3rg5_A	positive	0.63638
7ur5_w	3add_D	positive	0.539725
3rg5_A	5lzf_y	positive	0.539225
3add_D	3adb_C	positive	0.667975
5lzc_y	5lzf_y	positive	0.52116
3w1k_J	5lzf_y	positive	0.6312800000000001
3w1k_F	5lzc_y	positive	0.5345500000000001
3rg5_A	3w1k_J	positive	0.63556
3w1k_J	7urm_v	positive	0.5432
3w1k_F	7ur5_w	positive	0.55525
3w1k_F	3rg5_B	positive	0.647945
3w1k_F	5lzb_y	positive	0.56979
3w1k_I	3add_D	positive	0.700015
7zjw_F	3rg5_B	positive	0.559275
7ur5_w	3adc_D	positive	0.5508850000000001
3w1k_I	5lzc_y	positive	0.53087
3w1k_H	5lzc_y	positive	0.53386
7zjw_F	3w1k_F	positive	0.49078
7zjw_F	3adb_C	positive	0.569905
3rg5_A	7urm_v	positive	0.55734
4ue4_A	4wfl_A	positive	0.6407700000000001
4ue4_A	4wfm_A	positive	0.571155
4ue4_A	7o5b_W	positive	0.77912
4ue4_A	4wfm_B	positive	0.561485
4wfl_A	4wfm_A	positive	0.84849
4wfl_A	7o5b_W	positive	0.482085
4wfl_A	4wfm_B	positive	0.846265
4wfm_A	7o5b_W	positive	0.44899500000000003
7o5b_W	4wfm_B	positive	0.44659000000000004
6t3n_A	9g4j_A	positive	0.635205
8oly_A	4e8p_A	positive	0.99065
9c6i_A	9g4l_A	positive	0.785695
9c6i_A	4ds6_A	positive	0.96583
4e8v_A	4e8p_A	positive	0.97863
4fb0_A	8k15_C	positive	0.8053950000000001
5j02_A	6t3n_A	positive	0.9024300000000001
5j02_A	8rul_A	positive	0.90586
8ruj_A	6t3s_A	positive	0.983615
6t3r_A	4e8p_A	positive	0.98827
8om0_A	3igi_A	positive	0.98305
3igi_A	3bwp_A	positive	0.95246
9c6i_A	4e8v_A	positive	0.963765
4e8r_A	5j01_A	positive	0.8967799999999999
9c6i_A	6t3s_A	positive	0.9601949999999999
9g4j_A	4ds6_A	positive	0.6445700000000001
8k15_C	4e8p_A	positive	0.80644
4e8r_A	4ds6_A	positive	0.983945
8ruj_A	4faq_A	positive	0.98474
9g4j_A	8k15_C	positive	0.5477650000000001
8om0_A	5j01_A	positive	0.909265
9g4j_A	6t3r_A	positive	0.6245
8ruh_A	4e8p_A	positive	0.985255
8om0_A	6t3s_A	positive	0.9785250000000001
4e8n_A	3bwp_A	positive	0.942875
5j02_A	9cxf_A	positive	0.171045
4y1n_B	6t3r_A	positive	0.695425
4e8n_A	8oly_A	positive	0.99069
4y1n_B	4far_A	positive	0.68943
3igi_A	4e8v_A	positive	0.99038
9c6k_X	8ruh_A	positive	0.15318500000000002
5j01_A	4y1n_B	positive	0.6959599999999999
5j01_A	4e8v_A	positive	0.902955
4e8n_A	9g4j_A	positive	0.636825
6t3s_A	9g4l_A	positive	0.774575
4e8r_A	6t3s_A	positive	0.9898
8ruh_A	4far_A	positive	0.992705
4e8r_A	8k15_C	positive	0.807365
4e8n_A	9g4v_A	positive	0.69472
8om0_A	5j01_A	positive	0.909265
8ruj_A	3bwp_A	positive	0.948035
9lel_J	9lem_C	positive	0.99887
9lel_J	9lem_D	positive	0.99887
9lmf_G	9lel_J	positive	0.806115
8gzq_S	9dtt_B	positive	0.26292499999999996
8gzq_S	8gzp_S	positive	0.858525
8gzq_S	7lyf_A	positive	0.284985
9dtt_B	8gzp_S	positive	0.29191
9dtt_B	7lyf_A	positive	0.45675
8gzp_S	7lyf_A	positive	0.30405
5dar_A	1fg0_A	positive	0.16213499999999997
1ffz_A	5d8h_A	positive	0.163345
1fg0_A	5dar_D	positive	0.157615
7aor_2	6hiy_CA	positive	0.105085
6uf1_A	6ufj_C	positive	0.83644
6uf1_A	6uey_A	positive	0.93758
6uf1_A	5ktj_C	positive	0.761825
6uf1_A	6ufk_C	positive	0.85081
6uf1_A	5ktj_A	positive	0.666535
6uf1_A	6ufk_A	positive	0.90709
6ufj_C	6uey_A	positive	0.89514
6ufj_C	5ktj_C	positive	0.835425
6ufj_C	6ufk_C	positive	0.9532
6ufj_C	5ktj_A	positive	0.788225
6ufj_C	6ufk_A	positive	0.91259
6uey_A	5ktj_C	positive	0.802745
6uey_A	6ufk_C	positive	0.88272
6uey_A	5ktj_A	positive	0.72017
6uey_A	6ufk_A	positive	0.91454
5ktj_C	6ufk_C	positive	0.8193900000000001
5ktj_C	6ufk_A	positive	0.799285
6ufk_C	5ktj_A	positive	0.75943
5ktj_A	6ufk_A	positive	0.736865
6xko_A	8toz_A	positive	0.9746250000000001
5y85_B	5y87_B	positive	0.97363
5y85_B	5y87_D	positive	0.93199
5y87_B	5y85_D	positive	0.94111
5y87_D	5y85_D	positive	0.963795
3lwq_D	3lwp_D	positive	0.9447
3lwq_D	3lwv_D	positive	0.91878
3lwq_D	3lwr_D	positive	0.95643
3lwq_D	3hjw_D	positive	0.89346
3lwq_D	3lwo_D	positive	0.88723
3lwp_D	3lwv_D	positive	0.94438
3lwp_D	3lwr_D	positive	0.96687
3lwp_D	3hjw_D	positive	0.91174
3lwp_D	3lwo_D	positive	0.90134
3lwv_D	3lwr_D	positive	0.95345
3lwv_D	3hjw_D	positive	0.84875
3lwv_D	3lwo_D	positive	0.84175
3lwr_D	3hjw_D	positive	0.91684
3lwr_D	3lwo_D	positive	0.90459
3hjw_D	3lwo_D	positive	0.94885
8xzn_A	8xzp_A	positive	0.96386
7wia_V	7wie_V	positive	0.85011
8xzr_A	7wif_V	positive	0.42955
8xzm_A	7wib_V	positive	0.36994
8xzm_A	8xzk_A	positive	0.85712
8xzl_A	7wie_V	positive	0.39254500000000003
8xzw_A	7wie_V	positive	0.37807999999999997
7wia_V	8xze_A	positive	0.485495
8xzo_A	8xzq_A	positive	0.98896
7wif_V	8xzp_A	positive	0.43289
8xzk_A	8xzq_A	positive	0.83556
7wia_V	8xzw_A	positive	0.326415
8xzn_A	8xzo_A	positive	0.9783
7wia_V	8xzk_A	positive	0.5096050000000001
8xzp_A	8xze_A	positive	0.9624
8xzq_A	8xzw_A	positive	0.97443
8xzl_A	8xze_A	positive	0.95485
8xzm_A	7wii_V	positive	0.381125
8xzn_A	7wib_V	positive	0.36365000000000003
7wib_V	8xzp_A	positive	0.30828999999999995
8xzk_A	8xzw_A	positive	0.83834
8xzl_A	8xzw_A	positive	0.97963
8xzo_A	7wie_V	positive	0.379255
8xzn_A	7wie_V	positive	0.38215
8xzo_A	8xzp_A	positive	0.9609
8xzq_A	8xzp_A	positive	0.95627
7wii_V	7wie_V	positive	0.9667
7wif_V	7wie_V	positive	0.96646
8xzq_A	7wif_V	positive	0.45520499999999997
8xzw_A	8xze_A	positive	0.96906
7wia_V	8xzl_A	positive	0.33455
8xzl_A	8xzo_A	positive	0.98074
7wib_V	7wie_V	positive	0.92982
7wii_V	8xzk_A	positive	0.46006
8xzo_A	7wib_V	positive	0.36475
8xzl_A	8xzn_A	positive	0.98321
7wib_V	7wif_V	positive	0.96767
8xze_A	7wie_V	positive	0.46012
7wif_V	8xzw_A	positive	0.45586499999999996
7wib_V	8xzw_A	positive	0.325785
7wii_V	8xzq_A	positive	0.45365
7wia_V	8xzp_A	positive	0.3284
7wii_V	8xzo_A	positive	0.36993
7wii_V	8xzn_A	positive	0.371665
8xzm_A	8xzo_A	positive	0.96677
7wia_V	8xzn_A	positive	0.386615
8xzl_A	8xzm_A	positive	0.98671
8xzk_A	7wie_V	positive	0.47152499999999997
7wia_V	7wif_V	positive	0.86404
8xzm_A	7wif_V	positive	0.47766
7wii_V	8xzr_A	positive	0.31320499999999996
8xzm_A	8xzq_A	positive	0.97602
8xzk_A	8xze_A	positive	0.78265
8xzk_A	8xzp_A	positive	0.82031
7wib_V	8xze_A	positive	0.44755500000000004
7wia_V	7wii_V	positive	0.86212
8xzp_A	7wie_V	positive	0.369545
7wii_V	7wif_V	positive	0.98457
8xzl_A	8xzk_A	positive	0.84906
8xzo_A	8xze_A	positive	0.96201
7wia_V	8xzo_A	positive	0.329305
8xzl_A	7wif_V	positive	0.47284499999999996
7wif_V	8xze_A	positive	0.458445
7wib_V	8xzq_A	positive	0.367805
8xzm_A	8xze_A	positive	0.9314
8xzl_A	8xzq_A	positive	0.98162
8xzk_A	8xzn_A	positive	0.85032
8xzl_A	7wib_V	positive	0.370195
8xzn_A	8xzr_A	positive	0.94503
8xzm_A	8xzw_A	positive	0.96911
8xzm_A	8xzr_A	positive	0.91532
8xzk_A	8xzr_A	positive	0.79595
8xzm_A	8xzp_A	positive	0.94012
8xzk_A	8xzo_A	positive	0.83382
7wii_V	8xzw_A	positive	0.45185
8xzm_A	7wie_V	positive	0.392435
7wii_V	8xze_A	positive	0.455065
8xzl_A	8xzr_A	positive	0.92854
8xzn_A	8xzw_A	positive	0.98246
8xzl_A	8xzp_A	positive	0.94813
8xzk_A	7wif_V	positive	0.46137
8xzn_A	8xzq_A	positive	0.98243
7wia_V	8xzm_A	positive	0.33867
7wia_V	8xzr_A	positive	0.33027
8xzq_A	8xze_A	positive	0.94987
8xzr_A	7wie_V	positive	0.31966
7wia_V	7wib_V	positive	0.85324
6tfg_A	7d81_A	positive	0.54881
7d7v_A	6tf2_A	positive	0.639025
7d7v_A	6tff_A	positive	0.649015
7d7y_A	6tf0_A	positive	0.85409
7d7z_A	6tf1_A	positive	0.857885
7d7z_A	7d7x_A	positive	0.94891
7d7w_A	6tf2_A	positive	0.83961
7d7w_A	6tff_A	positive	0.82039
7d82_A	6tf2_A	positive	0.539075
7d7v_A	6tb7_A	positive	0.6429050000000001
6tfh_A	6tfe_A	positive	0.910265
6tf0_A	7d81_A	positive	0.536745
7d7x_A	6tfe_A	positive	0.826935
7d7v_A	7d82_A	positive	0.40727
6tfg_A	6tfh_A	positive	0.905805
6tff_A	7d7x_A	positive	0.824665
7d7v_A	7d7x_A	positive	0.620615
7d81_A	6tb7_A	positive	0.54712
6tfe_A	7d82_A	positive	0.53257
7d7w_A	6tb7_A	positive	0.8216600000000001
7d7z_A	6tf3_A	positive	0.873325
6tff_A	6tf2_A	positive	0.98769
6tfg_A	6tf1_A	positive	0.99019
6tf1_A	7d81_A	positive	0.53774
7d7x_A	7d82_A	positive	0.53767
7d7w_A	7d82_A	positive	0.5424549999999999
6tfh_A	6tf2_A	positive	0.902875
6tfg_A	6tf2_A	positive	0.99193
6tfh_A	7d81_A	positive	0.52174
6tfe_A	7d81_A	positive	0.54926
6tf3_A	6tf2_A	positive	0.98682
6tf0_A	6tf2_A	positive	0.965265
6tff_A	7d7y_A	positive	0.85546
6tfe_A	6tf0_A	positive	0.96968
7d82_A	6tb7_A	positive	0.529645
7d7v_A	7d7w_A	positive	0.61519
7d7w_A	6tfh_A	positive	0.81441
6tf1_A	6tf2_A	positive	0.98986
6tf3_A	7d7x_A	positive	0.8554999999999999
6tfh_A	6tf1_A	positive	0.9024399999999999
7d7w_A	6tfg_A	positive	0.8323499999999999
6tf1_A	6tf0_A	positive	0.96114
6tb7_A	6tf2_A	positive	0.98968
6tf0_A	7d82_A	positive	0.520525
6tf1_A	7d82_A	positive	0.523435
6tf3_A	6tfe_A	positive	0.97981
7d7v_A	7d81_A	positive	0.450875
6tf3_A	6tfh_A	positive	0.8935299999999999
6tf3_A	6tfg_A	positive	0.9854
7d7z_A	6tfh_A	positive	0.86322
7d7v_A	6tfg_A	positive	0.647015
6tff_A	6tf1_A	positive	0.98049
7d7w_A	7d7z_A	positive	0.94973
7d7x_A	6tf2_A	positive	0.843985
7d7v_A	6tf0_A	positive	0.651715
7d7z_A	6tf0_A	positive	0.82233
6tf3_A	7d7y_A	positive	0.8668
7d7z_A	6tfe_A	positive	0.85319
7d7x_A	6tb7_A	positive	0.82604
7d7x_A	7d81_A	positive	0.5655699999999999
6tf1_A	6tb7_A	positive	0.9885
7d7v_A	6tf3_A	positive	0.63293
6tf3_A	6tff_A	positive	0.97381
7d81_A	6tf2_A	positive	0.553045
6tf3_A	6tf0_A	positive	0.949315
7d7w_A	7d7x_A	positive	0.99203
6tfh_A	6tb7_A	positive	0.902255
6tff_A	6tfh_A	positive	0.89026
7d7v_A	6tfh_A	positive	0.64994
7d7w_A	6tf0_A	positive	0.80789
6tf0_A	6tb7_A	positive	0.97353
6tf1_A	6tfe_A	positive	0.98761
7d7z_A	6tb7_A	positive	0.84683
7d7w_A	6tfe_A	positive	0.82263
7d7x_A	6tfg_A	positive	0.837305
6tff_A	6tb7_A	positive	0.98143
7d7w_A	6tf1_A	positive	0.831285
6tfg_A	7d7y_A	positive	0.86193
6tff_A	6tfg_A	positive	0.98924
6tff_A	6tfe_A	positive	0.98394
7d7z_A	7d82_A	positive	0.51871
6tff_A	6tf0_A	positive	0.96774
7d7z_A	7d7y_A	positive	0.92566
7d7x_A	7d7y_A	positive	0.96261
7d7z_A	7d81_A	positive	0.541365
7d7x_A	6tfh_A	positive	0.82064
6tf3_A	7d82_A	positive	0.5437000000000001
7d7z_A	6tf2_A	positive	0.862365
6tf3_A	6tb7_A	positive	0.97913
7d7w_A	7d7y_A	positive	0.96014
6tfg_A	7d82_A	positive	0.53508
7d7w_A	7d81_A	positive	0.564585
7d7x_A	6tf0_A	positive	0.81156
6tfg_A	6tfe_A	positive	0.99232
7d7v_A	7d7z_A	positive	0.62961
7d7v_A	7d7y_A	positive	0.63219
6tfe_A	6tb7_A	positive	0.98989
7d7y_A	6tf2_A	positive	0.866065
6tff_A	7d82_A	positive	0.5353399999999999
7d7v_A	6tf1_A	positive	0.639275
8ube_I	8ubc_I	positive	0.69329
7elp_A	7els_B	positive	0.7545
7elp_A	8q6n_A	positive	0.5466249999999999
7elp_A	7elr_A	positive	0.91992
7elp_A	7elq_B	positive	0.71671
7elp_A	7elq_A	positive	0.79998
7elp_A	7elr_B	positive	0.75962
7elp_A	7els_A	positive	0.91291
7els_B	8q6n_A	positive	0.494665
7els_B	7elr_A	positive	0.68488
7els_B	7elq_B	positive	0.80175
7els_B	7elp_B	positive	0.76139
7els_B	7elq_A	positive	0.61338
7els_B	7elr_B	positive	0.84394
8q6n_A	7elr_A	positive	0.52414
8q6n_A	7elq_B	positive	0.5223249999999999
8q6n_A	7elp_B	positive	0.49195
8q6n_A	7elq_A	positive	0.550135
8q6n_A	7elr_B	positive	0.5251600000000001
8q6n_A	7els_A	positive	0.540485
7elr_A	7elq_B	positive	0.68414
7elr_A	7elp_B	positive	0.68142
7elr_A	7elq_A	positive	0.84815
7elr_A	7els_A	positive	0.93546
7elq_B	7elp_B	positive	0.8676
7elq_B	7elr_B	positive	0.81346
7elq_B	7els_A	positive	0.6573
7elp_B	7elq_A	positive	0.60813
7elp_B	7elr_B	positive	0.7762
7elp_B	7els_A	positive	0.6428
7elq_A	7elr_B	positive	0.68332
7elq_A	7els_A	positive	0.88675
7elr_B	7els_A	positive	0.7195
9cxf_A	9ely_A	positive	0.9513149999999999
9cxf_A	9e75_A	positive	0.73673
9ely_A	9e75_A	positive	0.733765
9m78_A	9le6_B	positive	0.9844
3ud3_R	4yb1_R	positive	0.85557
3ud3_R	3mxh_R	positive	0.96329
3ud3_R	3ucu_R	positive	0.9863
3ud3_R	3mur_R	positive	0.97378
3ud3_R	3iwn_B	positive	0.7735650000000001
3ud3_R	3iwn_A	positive	0.80533
3ud3_R	3mum_R	positive	0.97517
3ud3_R	3irw_R	positive	0.949845
3ud3_R	3ud4_R	positive	0.95798
3ud3_R	3ucz_R	positive	0.98727
4yb1_R	3mxh_R	positive	0.87326
4yb1_R	3ucu_R	positive	0.84927
4yb1_R	3mur_R	positive	0.8627
4yb1_R	3iwn_B	positive	0.78514
4yb1_R	3iwn_A	positive	0.77464
4yb1_R	3mum_R	positive	0.87748
4yb1_R	3irw_R	positive	0.887275
4yb1_R	3ud4_R	positive	0.86974
4yb1_R	3ucz_R	positive	0.86021
3mxh_R	3ucu_R	positive	0.95075
3mxh_R	3mur_R	positive	0.95548
3mxh_R	3iwn_B	positive	0.783285
3mxh_R	3iwn_A	positive	0.8098350000000001
3mxh_R	3mum_R	positive	0.97789
3mxh_R	3irw_R	positive	0.9225
3mxh_R	3ud4_R	positive	0.92226
3mxh_R	3ucz_R	positive	0.96168
3ucu_R	3mur_R	positive	0.96937
3ucu_R	3iwn_B	positive	0.772765
3ucu_R	3iwn_A	positive	0.80067
3ucu_R	3mum_R	positive	0.9653
3ucu_R	3irw_R	positive	0.956475
3ucu_R	3ud4_R	positive	0.96472
3ucu_R	3ucz_R	positive	0.98824
3mur_R	3iwn_B	positive	0.782145
3mur_R	3iwn_A	positive	0.795515
3mur_R	3mum_R	positive	0.97568
3mur_R	3irw_R	positive	0.95677
3mur_R	3ud4_R	positive	0.93869
3mur_R	3ucz_R	positive	0.97909
3iwn_B	3mum_R	positive	0.78296
3iwn_B	3irw_R	positive	0.78996
3iwn_B	3ud4_R	positive	0.779195
3iwn_B	3ucz_R	positive	0.778555
3iwn_A	3mum_R	positive	0.8028500000000001
3iwn_A	3irw_R	positive	0.8024
3iwn_A	3ud4_R	positive	0.802765
3iwn_A	3ucz_R	positive	0.80437
3mum_R	3irw_R	positive	0.9490000000000001
3mum_R	3ud4_R	positive	0.93595
3mum_R	3ucz_R	positive	0.97368
3irw_R	3ud4_R	positive	0.96112
3irw_R	3ucz_R	positive	0.963195
3ud4_R	3ucz_R	positive	0.96529
1m5k_B	1m5p_E	positive	0.842515
1m5k_B	1m5v_B	positive	0.953065
1m5k_B	1m5o_E	positive	0.8265
1m5p_E	1m5v_B	positive	0.86249
1m5p_E	1m5o_E	positive	0.97066
1m5v_B	1m5o_E	positive	0.84581
4lel_RB	4tud_QV	negative	0.263045
6lqs_3A	4w2f_AY	negative	0.235295
9gul_L8	7oif_3	negative	0.12915
8e35_J	5j4c_1w	negative	0.09934
7b0y_a	8g2b_1B	negative	0.110235
8uik_L7	9enb_C	negative	0.115685
8urh_d	6uf1_A	negative	0.167215
8fcs_A	7trf_B	negative	0.23451500000000003
9azc_AT	7jqc_i	negative	0.127435
3lwp_D	8etj_2	negative	0.18871
8vvs_XA	6fti_w	negative	0.102665
9rtv_v	1qa6_C	negative	0.24495499999999998
6wlu_A	7qh4_y	negative	0.24617499999999998
9f9s_L2	9guu_W	negative	0.12134500000000001
5it7_4	8wic_C	negative	0.17147
5tgm_4	2rkj_C	negative	0.161035
8qu5_B	8ir1_8	negative	0.19074000000000002
3iyr_A	8d9k_C	negative	0.177075
4v7j_AB	1qtq_B	negative	0.118115
6n5k_A	1ffz_A	negative	0.151255
7pai_7	5nzd_A	negative	0.14913
9d0g_1y	7d6z_B	negative	0.081935
8ztv_Y	3ucu_R	negative	0.24196499999999999
6xgf_d	9ggr_AU	negative	0.108225
9mr4_2	4frg_X	negative	0.22494
4v8d_CC	1y26_X	negative	0.105455
4v4i_z	8e42_J	negative	0.195515
7mqa_L2	2il9_M	negative	0.128545
8y5q_6	5xxb_4	negative	0.195455
8fzd_y	6wlq_A	negative	0.250225
5dfe_YB	8bqx_BS	negative	0.371275
5axm_P	7kga_B	negative	0.24731
8upo_A	6xgf_d	negative	0.18943
5wit_1x	8yuq_b	negative	0.08973
6zm7_CC	6ah0_I	negative	0.1129
8xzr_A	4v7u_BB	negative	0.13449
5zeb_v	9de5_B	negative	0.32882500000000003
6s12_B	4v8n_CW	negative	0.110425
8fzg_x	8rxh_L7	negative	0.11249500000000001
8ruh_A	2zm5_D	negative	0.18074
8a3l_b	8uyp_A	negative	0.2451
5lzf_B	2csx_D	negative	0.225455
5j3c_XV	7d7v_A	negative	0.09892
8zfg_b	3la5_A	negative	0.227855
7asa_2	3jct_3	negative	0.18795499999999998
7bgb_B	8uyp_A	negative	0.19548
8toz_A	6ole_E	negative	0.250345
6wzr_B	3jaj_4	negative	0.196305
8zfi_Y	7tm3_u	negative	0.19924
9iwf_A	3j0q_h	negative	0.20014500000000002
9qqb_B7	4v88_A4	negative	0.350685
3cf5_Z	9dtf_C	negative	0.21924500000000002
3diy_A	5oa3_3	negative	0.248135
7pai_7	1m5o_E	negative	0.261285
6wdg_2	9d0i_2x	negative	0.1021
1y39_D	7vpx_L	negative	0.13725500000000002
4fep_B	6y50_2	negative	0.28096
4b5r_A	3muv_R	negative	0.24015999999999998
5dge_4	4v4a_B9	negative	0.10882
5y85_D	9mts_2B	negative	0.094945
4xej_BIRE	6ugg_A	negative	0.032165
8g7q_y	5w4k_1B	negative	0.11804
7y7f_Z	5o62_A	negative	0.18267
1kxk_A	3iwn_B	negative	0.31938500000000003
5mq0_5	6t3r_A	negative	0.18691000000000002
5ju8_BB	5doy_2x	negative	0.27985499999999996
9de5_E	4v67_AY	negative	0.099655
3d2g_A	3jct_3	negative	0.22333999999999998
4v91_3	9g6k_lJ	negative	0.15672
5j02_A	8r09_5	negative	0.16375
8zej_Y	5u3g_B	negative	0.282895
9bus_AC	8q7n_5	negative	0.11469499999999999
7pai_7	4v84_DB	negative	0.127845
9mor_4	8tjx_N	negative	0.18374
5ibb_2K	4gma_Z	negative	0.09839999999999999
3j6y_8S	6r6g_AF	negative	0.30961
5uyk_Y	4u50_7	negative	0.206595
3g8s_P	7rq9_1x	negative	0.08607000000000001
4frg_B	5fcj_8	negative	0.16795
1zo3_A	7zux_3	negative	0.20421
9bdn_PTRN	7pjs_B	negative	0.019725
8h6k_4A	4v5a_BB	negative	0.228245
9lmf_I	7b0y_a	negative	0.166845
8k2z_B	1m5o_E	negative	0.191035
6ha1_B	2j37_A	negative	0.25055
7xd6_N	4u3m_7	negative	0.205125
4e8n_A	6tf3_A	negative	0.22858499999999998
3w1k_F	7zq6_a	negative	0.19029000000000001
3b4b_B	6uz7_8	negative	0.17989
6zsg_XB	6pc8_J	negative	0.09473000000000001
3jcn_B	6bok_GB	negative	0.09723000000000001
